Price,Adj Close,Close,High,Low,Open,Volume
Ticker,NVDQ,NVDQ,NVDQ,NVDQ,NVDQ,NVDQ
Date,,,,,,
2023-10-19,81.14048767089844,90.3270034790039,90.3270034790039,87.18000030517578,87.95999908447266,500
2023-10-20,84.21266174316406,93.74700164794922,93.98999786376953,89.35800170898438,91.48500061035156,1633
2023-10-23,77.57783508300781,86.36100006103516,94.7699966430664,85.37999725341797,94.5,7433
2023-10-24,75.00691223144531,83.4990005493164,87.0,83.4990005493164,87.0,1233
2023-10-25,81.533935546875,90.76499938964844,91.35900115966797,84.36000061035156,84.36000061035156,967
2023-10-26,87.17704010009766,97.0469970703125,97.94999694824219,88.88999938964844,90.72000122070312,6100
2023-10-27,86.65692901611328,96.46800231933594,97.86000061035156,93.33000183105469,93.33000183105469,1900
2023-10-30,83.48773956298828,92.94000244140625,95.45999908447266,91.05000305175781,92.87999725341797,1733
2023-10-31,85.28253936767578,94.93800354003906,101.61000061035156,94.58999633789062,96.9000015258789,12667
2023-11-01,78.76628112792969,87.68399810791016,93.75,87.68399810791016,93.75,5633
2023-11-02,74.4571533203125,82.88700103759766,85.6500015258789,82.16999816894531,83.94000244140625,6433
2023-11-03,69.5281982421875,77.4000015258789,81.4800033569336,76.47000122070312,81.4800033569336,5433
2023-11-06,67.25370788574219,74.86799621582031,76.5,74.5199966430664,74.5199966430664,3667
2023-11-07,66.61502075195312,74.15699768066406,75.33000183105469,73.47000122070312,75.20999908447266,3800
2023-11-08,64.86872863769531,72.21299743652344,73.16999816894531,71.36100006103516,73.1520004272461,2000
2023-11-09,63.78268814086914,71.00399780273438,71.48999786376953,67.677001953125,68.55599975585938,8300
2023-11-10,59.98828125,66.77999877929688,69.75,66.6240005493164,69.56999969482422,5900
2023-11-13,59.36845397949219,66.08999633789062,67.2300033569336,64.7699966430664,67.0199966430664,6267
2023-11-14,56.79214096069336,63.22200012207031,64.73999786376953,63.18000030517578,63.93000030517578,7867
2023-11-15,58.767494201660156,65.4209976196289,66.5999984741211,62.92499923706055,63.4109992980957,12800
2023-11-16,57.266441345214844,63.75,66.01499938964844,63.630001068115234,65.59200286865234,4733
2023-11-17,57.622169494628906,64.14600372314453,64.47000122070312,63.209999084472656,63.93000030517578,2633
2023-11-20,55.075496673583984,61.31100082397461,64.62000274658203,60.93000030517578,63.209999084472656,8133
2023-11-21,56.026790618896484,62.369998931884766,63.599998474121094,61.5,61.5,9733
2023-11-22,58.64352798461914,65.28299713134766,67.75199890136719,61.5629997253418,62.81999969482422,20933
2023-11-24,60.664695739746094,67.53299713134766,67.58999633789062,65.0999984741211,65.0999984741211,4900
2023-11-27,59.958641052246094,66.74700164794922,68.30999755859375,66.24299621582031,68.12999725341797,2900
2023-11-28,61.16864776611328,68.09400177001953,68.76000213623047,67.11000061035156,67.38300323486328,9000
2023-11-29,60.19039535522461,67.00499725341797,67.44000244140625,65.25,66.62999725341797,1367
2023-11-30,63.61830139160156,70.82099914550781,71.58000183105469,67.73699951171875,67.73699951171875,4567
2023-12-01,63.674896240234375,70.88400268554688,72.56999969482422,69.56999969482422,72.56999969482422,3133
2023-12-04,67.12974548339844,74.7300033569336,76.11000061035156,73.2300033569336,73.2300033569336,10933
2023-12-05,64.13302612304688,71.39399719238281,74.43000030517578,71.27999877929688,74.4000015258789,9367
2023-12-06,67.18363952636719,74.79000091552734,74.79000091552734,68.76000213623047,69.26399993896484,7467
2023-12-07,63.73418045043945,70.94999694824219,74.61000061035156,70.94999694824219,74.61000061035156,8233
2023-12-08,61.25757598876953,68.19300079345703,68.91000366210938,67.6500015258789,68.8499984741211,4800
2023-12-11,63.66142272949219,70.86900329589844,72.77999877929688,67.9800033569336,67.9800033569336,4767
2023-12-12,60.893768310546875,67.78800201416016,71.4000015258789,67.78800201416016,71.4000015258789,3367
2023-12-13,59.86970901489258,66.64800262451172,66.64800262451172,65.01899719238281,65.0999984741211,4067
2023-12-14,59.18251419067383,65.88300323486328,67.94999694824219,65.6729965209961,65.76000213623047,4400
2023-12-15,57.61677932739258,64.13999938964844,65.27999877929688,63.150001525878906,65.27999877929688,2767
2023-12-18,54.673954010009766,60.86399841308594,62.130001068115234,60.27000045776367,61.862998962402344,14133
2023-12-19,56.053741455078125,62.400001525878906,63.959999084472656,62.34000015258789,62.70000076293945,1167
2023-12-20,59.080101013183594,65.76899719238281,65.91000366210938,61.5,62.25,3033
2023-12-21,57.28799819946289,63.77399826049805,64.91699981689453,63.77399826049805,63.779998779296875,2567
2023-12-22,57.605995178222656,64.12799835205078,65.0999984741211,63.18000030517578,63.24300003051758,2933
2023-12-26,56.691001892089844,56.691001892089844,56.691001892089844,55.77000045776367,56.547000885009766,7233
2023-12-27,56.400001525878906,56.400001525878906,57.09000015258789,56.310001373291016,56.43000030517578,3167
2023-12-28,56.220001220703125,56.220001220703125,56.40599822998047,55.349998474121094,56.367000579833984,8367
2023-12-29,56.229000091552734,56.229000091552734,57.84000015258789,55.2599983215332,55.439998626708984,4733
2024-01-02,59.547000885009766,59.547000885009766,60.42300033569336,56.66999816894531,56.66999816894531,4067
2024-01-03,60.72600173950195,60.72600173950195,61.08000183105469,59.310001373291016,60.47700119018555,4767
2024-01-04,59.696998596191406,59.696998596191406,60.029998779296875,58.55099868774414,59.7599983215332,2233
2024-01-05,57.07500076293945,57.07500076293945,58.619998931884766,56.06999969482422,58.61399841308594,3833
2024-01-08,49.82699966430664,49.82699966430664,56.040000915527344,49.82699966430664,56.040000915527344,12467
2024-01-09,48.069000244140625,48.069000244140625,50.52000045776367,45.90299987792969,49.470001220703125,17633
2024-01-10,45.869998931884766,45.869998931884766,47.189998626708984,45.56999969482422,47.189998626708984,12233
2024-01-11,45.150001525878906,45.150001525878906,47.040000915527344,44.34299850463867,44.849998474121094,32700
2024-01-12,45.24300003051758,45.24300003051758,45.869998931884766,44.939998626708984,45.6870002746582,20433
2024-01-16,42.630001068115234,42.630001068115234,44.90999984741211,41.91299819946289,44.90999984741211,41833
2024-01-17,43.08000183105469,43.08000183105469,44.744998931884766,42.630001068115234,42.630001068115234,9600
2024-01-18,41.507999420166016,41.507999420166016,42.79499816894531,40.77000045776367,41.34000015258789,23433
2024-01-19,37.95600128173828,37.95600128173828,41.040000915527344,37.95600128173828,40.31999969482422,42467
2024-01-22,37.7400016784668,37.7400016784668,38.279998779296875,37.02000045776367,37.349998474121094,24833
2024-01-23,37.46099853515625,37.46099853515625,39.0,37.46099853515625,39.0,5533
2024-01-24,35.54999923706055,35.54999923706055,37.349998474121094,33.867000579833984,37.349998474121094,29333
2024-01-25,35.39400100708008,35.39400100708008,36.150001525878906,34.22999954223633,34.619998931884766,15067
2024-01-26,35.970001220703125,35.970001220703125,36.534000396728516,35.34000015258789,36.18000030517578,40533
2024-01-29,34.41899871826172,34.41899871826172,36.060001373291016,34.41899871826172,35.81999969482422,42300
2024-01-30,34.08000183105469,34.08000183105469,34.5,33.2400016784668,33.869998931884766,65433
2024-01-31,35.37300109863281,35.37300109863281,36.18000030517578,34.709999084472656,35.459999084472656,57600
2024-02-01,33.75,33.75,35.34000015258789,33.599998474121094,34.650001525878906,49700
2024-02-02,30.329999923706055,30.329999923706055,32.81999969482422,29.969999313354492,32.70000076293945,44000
2024-02-05,27.510000228881836,27.510000228881836,29.34000015258789,27.389999389648438,28.5,251800
2024-02-06,28.292999267578125,28.292999267578125,29.808000564575195,27.1200008392334,27.239999771118164,433633
2024-02-07,26.760000228881836,26.760000228881836,28.770000457763672,26.684999465942383,28.350000381469727,136800
2024-02-08,27.09000015258789,27.09000015258789,27.209999084472656,26.34000015258789,26.850000381469727,124000
2024-02-09,25.170000076293945,25.170000076293945,26.670000076293945,25.139999389648438,26.489999771118164,141367
2024-02-12,25.139999389648438,25.139999389648438,25.829999923706055,23.520000457763672,24.899999618530273,377267
2024-02-13,25.139999389648438,25.139999389648438,26.969999313354492,24.329999923706055,26.459999084472656,560533
2024-02-14,23.969999313354492,23.969999313354492,25.31999969482422,23.760000228881836,24.420000076293945,231567
2024-02-15,24.795000076293945,24.795000076293945,24.959999084472656,23.969999313354492,24.030000686645508,232933
2024-02-16,24.780000686645508,24.780000686645508,24.93000030517578,23.613000869750977,23.81999969482422,434800
2024-02-20,26.399999618530273,26.399999618530273,28.110000610351562,25.3799991607666,25.40999984741211,1010067
2024-02-21,28.59000015258789,28.59000015258789,29.520000457763672,27.452999114990234,28.200000762939453,1137500
2024-02-22,19.200000762939453,19.200000762939453,22.829999923706055,19.200000762939453,22.139999389648438,959100
2024-02-23,18.989999771118164,18.989999771118164,19.68000030517578,17.309999465942383,18.1200008392334,1364633
2024-02-26,18.8700008392334,18.8700008392334,19.229999542236328,18.209999084472656,18.719999313354492,1200300
2024-02-27,19.079999923706055,19.079999923706055,19.829999923706055,18.76799964904785,18.809999465942383,1327800
2024-02-28,19.6200008392334,19.6200008392334,19.860000610351562,19.03499984741211,19.68000030517578,710700
2024-02-29,18.93000030517578,18.93000030517578,19.290000915527344,18.46500015258789,18.899999618530273,614567
2024-03-01,17.459999084472656,17.459999084472656,18.719999313354492,17.43000030517578,18.479999542236328,430967
2024-03-04,16.260000228881836,16.260000228881836,16.799999237060547,15.239999771118164,16.68000030517578,526867
2024-03-05,15.930000305175781,15.930000305175781,16.889999389648438,15.899999618530273,16.200000762939453,504167
2024-03-06,14.880000114440918,14.880000114440918,15.510000228881836,14.53499984741211,15.180000305175781,559867
2024-03-07,13.59000015258789,13.59000015258789,14.579999923706055,13.5600004196167,14.399999618530273,694067
2024-03-08,15.0600004196167,15.0600004196167,15.375,12.210000038146973,12.869999885559082,2730867
2024-03-11,15.675000190734863,15.675000190734863,16.229999542236328,14.670000076293945,15.569999694824219,2039367
2024-03-12,13.454999923706055,13.454999923706055,15.539999961853027,13.4399995803833,14.850000381469727,1340733
2024-03-13,13.739999771118164,13.739999771118164,14.460000038146973,13.59000015258789,13.680000305175781,928033
2024-03-14,14.609999656677246,14.609999656677246,15.074999809265137,13.845000267028809,14.15999984741211,1052900
2024-03-15,14.6850004196167,14.6850004196167,15.225000381469727,14.130000114440918,15.0,814700
2024-03-18,14.520000457763672,14.520000457763672,14.9399995803833,13.194000244140625,13.920000076293945,994533
2024-03-19,14.220000267028809,14.220000267028809,15.630000114440918,13.829999923706055,15.09000015258789,1168900
2024-03-20,13.890000343322754,13.890000343322754,14.5649995803833,13.859999656677246,14.069999694824219,768100
2024-03-21,13.5600004196167,13.5600004196167,13.859999656677246,13.170000076293945,13.289999961853027,1803900
2024-03-22,12.75,12.75,13.710000038146973,12.585000038146973,13.680000305175781,1246367
2024-03-25,12.524999618530273,12.524999618530273,12.930000305175781,12.086999893188477,12.779999732971191,1375233
2024-03-26,13.170000076293945,13.170000076293945,13.170000076293945,12.164999961853027,12.300000190734863,1304500
2024-03-27,13.829999923706055,13.829999923706055,14.130000114440918,12.989999771118164,13.050000190734863,1478333
2024-03-28,13.859999656677246,13.859999656677246,14.15999984741211,13.529999732971191,13.9350004196167,885067
2024-04-01,13.859999656677246,13.859999656677246,14.15999984741211,13.260000228881836,13.829999923706055,833800
2024-04-02,14.100000381469727,14.100000381469727,14.654999732971191,13.890000343322754,14.430000305175781,905133
2024-04-03,14.25,14.25,14.430000305175781,13.800000190734863,14.430000305175781,646900
2024-04-04,15.270000457763672,15.270000457763672,15.270000457763672,13.710000038146973,13.770000457763672,1163333
2024-04-05,14.505000114440918,14.505000114440918,15.210000038146973,14.354999542236328,14.880000114440918,980467
2024-04-08,14.805000305175781,14.805000305175781,14.9399995803833,14.25,14.279999732971191,691633
2024-04-09,15.404999732971191,15.404999732971191,16.200000762939453,14.609999656677246,14.670000076293945,1490300
2024-04-10,14.805000305175781,14.805000305175781,15.989999771118164,14.670000076293945,15.960000038146973,1645900
2024-04-11,13.59000015258789,13.59000015258789,14.819999694824219,13.529999732971191,14.640000343322754,1229667
2024-04-12,14.295000076293945,14.295000076293945,14.517000198364258,13.739999771118164,13.859999656677246,1237133
2024-04-15,15.029999732971191,15.029999732971191,15.029999732971191,13.529999732971191,14.010000228881836,1202467
2024-04-16,14.550000190734863,14.550000190734863,15.0,14.279999732971191,14.880000114440918,1175267
2024-04-17,15.630000114440918,15.630000114440918,15.65999984741211,14.100000381469727,14.25,1160300
2024-04-18,15.449999809265137,15.449999809265137,16.229999542236328,14.880000114440918,15.359999656677246,1036400
2024-04-19,18.510000228881836,18.510000228881836,18.75,15.539999961853027,16.079999923706055,2788067
2024-04-22,16.920000076293945,16.920000076293945,18.450000762939453,16.68000030517578,17.639999389648438,1987733
2024-04-23,15.630000114440918,15.630000114440918,16.59600067138672,15.510000228881836,16.40999984741211,1242100
2024-04-24,16.739999771118164,16.739999771118164,16.889999389648438,15.029999732971191,15.0600004196167,1936800
2024-04-25,15.510000228881836,15.510000228881836,17.34000015258789,15.210000038146973,17.100000381469727,2861267
2024-04-26,13.529999732971191,13.529999732971191,15.210000038146973,13.380000114440918,15.0600004196167,1981700
2024-04-29,13.59000015258789,13.59000015258789,14.34000015258789,13.52400016784668,13.619999885559082,1332000
2024-04-30,13.994999885559082,13.994999885559082,14.010000228881836,13.260000228881836,13.739999771118164,1813900
2024-05-01,15.104999542236328,15.104999542236328,15.65999984741211,14.15999984741211,14.399999618530273,4044167
2024-05-02,14.100000381469727,14.100000381469727,15.029999732971191,13.949999809265137,14.595000267028809,1469933
2024-05-03,13.109999656677246,13.109999656677246,13.649999618530273,12.960000038146973,13.4399995803833,1963700
2024-05-06,12.135000228881836,12.135000228881836,13.020000457763672,12.116999626159668,12.960000038146973,1550200
2024-05-07,12.555000305175781,12.555000305175781,12.960000038146973,12.239999771118164,12.449999809265137,2288200
2024-05-08,12.600000381469727,12.600000381469727,12.854999542236328,12.359999656677246,12.8100004196167,1541867
2024-05-09,13.079999923706055,13.079999923706055,13.199999809265137,12.420000076293945,12.539999961853027,1810233
2024-05-10,12.720000267028809,12.720000267028809,12.930000305175781,12.270000457763672,12.600000381469727,1651267
2024-05-13,12.569999694824219,12.569999694824219,13.109999656677246,12.413999557495117,12.555000305175781,1832033
2024-05-14,12.359999656677246,12.359999656677246,12.989999771118164,12.239999771118164,12.8100004196167,1482133
2024-05-15,11.430000305175781,11.430000305175781,12.239999771118164,11.369999885559082,12.015000343322754,2122833
2024-05-16,11.489999771118164,11.489999771118164,11.5649995803833,11.15999984741211,11.385000228881836,1403367
2024-05-17,11.970000267028809,11.970000267028809,12.135000228881836,11.444999694824219,11.520000457763672,1236667
2024-05-20,11.385000228881836,11.385000228881836,11.729999542236328,11.279999732971191,11.670000076293945,1203767
2024-05-21,11.25,11.25,11.769000053405762,11.25,11.670000076293945,1132933
2024-05-22,11.354999542236328,11.354999542236328,11.736000061035156,11.100000381469727,11.220000267028809,2932167
2024-05-23,9.255000114440918,9.255000114440918,9.75,8.670000076293945,9.6899995803833,5577767
2024-05-24,8.760000228881836,8.760000228881836,9.390000343322754,8.760000228881836,9.119999885559082,2392667
2024-05-28,7.46999979019165,7.46999979019165,8.220000267028809,7.409999847412109,8.130000114440918,4364900
2024-05-29,7.409999847412109,7.409999847412109,7.920000076293945,7.320000171661377,7.679999828338623,3801500
2024-05-30,7.965000152587891,7.965000152587891,8.069999694824219,7.289999961853027,7.425000190734863,4333400
2024-05-31,8.069999694824219,8.069999694824219,8.475000381469727,7.650000095367432,7.679999828338623,5896300
2024-06-03,7.320000171661377,7.320000171661377,7.679999828338623,7.289999961853027,7.5,3690133
2024-06-04,7.125,7.125,7.440000057220459,7.110000133514404,7.260000228881836,3354833
2024-06-05,6.420000076293945,6.420000076293945,6.989999771118164,6.389999866485596,6.885000228881836,4483567
2024-06-06,6.539999961853027,6.539999961853027,6.840000152587891,6.068999767303467,6.269999980926514,7741300
2024-06-07,6.570000171661377,6.570000171661377,6.869999885559082,6.480000019073486,6.675000190734863,4175000
2024-06-10,6.465000152587891,6.465000152587891,6.989999771118164,6.329999923706055,6.630000114440918,6234733
2024-06-11,6.539999961853027,6.539999961853027,6.78000020980835,6.360000133514404,6.480000019073486,4308967
2024-06-12,6.059999942779541,6.059999942779541,6.360000133514404,5.909999847412109,6.315000057220459,5616800
2024-06-13,5.670000076293945,5.670000076293945,5.909999847412109,5.639999866485596,5.699999809265137,4588367
2024-06-14,5.429999828338623,5.429999828338623,5.789999961853027,5.369999885559082,5.610000133514404,5959000
2024-06-17,5.519999980926514,5.519999980926514,5.670000076293945,5.309999942779541,5.400000095367432,3967100
2024-06-18,5.159999847412109,5.159999847412109,5.550000190734863,5.099999904632568,5.519999980926514,6489367
2024-06-20,5.519999980926514,5.519999980926514,5.625,4.769999980926514,4.860000133514404,16816533
2024-06-21,5.849999904632568,5.849999904632568,6.059999942779541,5.519999980926514,5.880000114440918,16055433
2024-06-24,6.690000057220459,6.690000057220459,6.690000057220459,6.059999942779541,6.210000038146973,12842333
2024-06-25,5.760000228881836,5.760000228881836,6.525000095367432,5.760000228881836,6.360000133514404,12812533
2024-06-26,5.730000019073486,5.730000019073486,6.119999885559082,5.579999923706055,5.789999961853027,9761700
2024-06-27,5.940000057220459,5.940000057220459,6.059999942779541,5.744999885559082,5.940000057220459,5406033
2024-06-28,6.045000076293945,6.045000076293945,6.090000152587891,5.610000133514404,5.909999847412109,7940500
2024-07-01,5.954999923706055,5.954999923706055,6.480000019073486,5.894999980926514,6.059999942779541,8937767
2024-07-02,6.119999885559082,6.119999885559082,6.255000114440918,6.03000020980835,6.210000038146973,4114967
2024-07-03,5.565000057220459,5.565000057220459,6.228000164031982,5.550000190734863,6.210000038146973,6398133
2024-07-05,5.775000095367432,5.775000095367432,5.789999961853027,5.489999771118164,5.610000133514404,4169233
2024-07-08,5.519999980926514,5.519999980926514,5.65500020980835,5.309999942779541,5.625,7545000
2024-07-09,5.309999942779541,5.309999942779541,5.519999980926514,5.070000171661377,5.369999885559082,8807600
2024-07-10,4.980000019073486,4.980000019073486,5.190000057220459,4.980000019073486,5.070000171661377,6450833
2024-07-11,5.534999847412109,5.534999847412109,5.579999923706055,4.889999866485596,4.920000076293945,10572467
2024-07-12,5.400000095367432,5.400000095367432,5.579999923706055,5.159999847412109,5.489999771118164,10792200
2024-07-15,5.460000038146973,5.460000038146973,5.579999923706055,5.21999979019165,5.309999942779541,5893267
2024-07-16,5.639999866485596,5.639999866485596,5.800000190734863,5.414999961853027,5.460000038146973,12097300
2024-07-17,6.400000095367432,6.400000095367432,6.510000228881836,6.050000190734863,6.110000133514404,18798100
2024-07-18,6.050000190734863,6.050000190734863,6.550000190734863,5.929999828338623,5.96999979019165,16267300
2024-07-19,6.380000114440918,6.380000114440918,6.440000057220459,6.019999980926514,6.139999866485596,9595800
2024-07-22,5.760000228881836,5.760000228881836,6.170000076293945,5.724999904632568,6.110000133514404,12255800
2024-07-23,5.885000228881836,5.885000228881836,5.914999961853027,5.679999828338623,5.864999771118164,5784900
2024-07-24,6.664999961853027,6.664999961853027,6.744999885559082,6.139999866485596,6.204999923706055,14137300
2024-07-25,6.900000095367432,6.900000095367432,7.610000133514404,6.400000095367432,6.824999809265137,23572600
2024-07-26,6.820000171661377,6.820000171661377,6.993000030517578,6.429999828338623,6.460000038146973,10627200
2024-07-29,7.005000114440918,7.005000114440918,7.03000020980835,6.420000076293945,6.75,7693300
2024-07-30,7.994999885559082,7.994999885559082,8.130000114440918,6.960000038146973,7.010000228881836,14792800
2024-07-31,5.96999979019165,5.96999979019165,6.900000095367432,5.78000020980835,6.599999904632568,20181300
2024-08-01,6.730000019073486,6.730000019073486,7.0,5.650000095367432,5.900000095367432,26060900
2024-08-02,7.010000228881836,7.010000228881836,7.744999885559082,6.835000038146973,7.46999979019165,24362700
2024-08-05,7.869999885559082,7.869999885559082,9.1899995803833,7.520999908447266,8.970000267028809,25288000
2024-08-06,7.340000152587891,7.340000152587891,7.894999980926514,6.760000228881836,7.380000114440918,18236800
2024-08-07,8.100000381469727,8.100000381469727,8.100000381469727,6.681000232696533,6.829999923706055,14705900
2024-08-08,7.059999942779541,7.059999942779541,8.279999732971191,6.992000102996826,7.550000190734863,13660200
2024-08-09,7.110000133514404,7.110000133514404,7.28000020980835,6.860000133514404,7.019999980926514,7936000
2024-08-12,6.510000228881836,6.510000228881836,6.889999866485596,6.260000228881836,6.880000114440918,12899400
2024-08-13,5.670000076293945,5.670000076293945,6.21999979019165,5.670000076293945,6.119999885559082,10399700
2024-08-14,5.5,5.5,5.880000114440918,5.440000057220459,5.440000057220459,11982400
2024-08-15,5.039999961853027,5.039999961853027,5.550000190734863,5.010000228881836,5.429999828338623,10546800
2024-08-16,4.909999847412109,4.909999847412109,5.179999828338623,4.869999885559082,5.119999885559082,13308700
2024-08-19,4.489999771118164,4.489999771118164,4.989999771118164,4.482999801635742,4.920000076293945,12116300
2024-08-20,4.675000190734863,4.675000190734863,4.769999980926514,4.489999771118164,4.599999904632568,11329200
2024-08-21,4.590000152587891,4.590000152587891,4.715000152587891,4.519999980926514,4.670000076293945,9661200
2024-08-22,4.909999847412109,4.909999847412109,4.960000038146973,4.420000076293945,4.474999904632568,12621400
2024-08-23,4.489999771118164,4.489999771118164,4.789999961853027,4.456999778747559,4.75,12578700
2024-08-26,4.675000190734863,4.675000190734863,4.820000171661377,4.340000152587891,4.465000152587891,18637000
2024-08-27,4.545000076293945,4.545000076293945,4.869999885559082,4.474999904632568,4.78000020980835,14407100
2024-08-28,4.735000133514404,4.735000133514404,4.940999984741211,4.545000076293945,4.559999942779541,32613100
2024-08-29,5.340000152587891,5.340000152587891,5.409999847412109,4.820000171661377,5.050000190734863,29422500
2024-08-30,5.170000076293945,5.170000076293945,5.375,4.960000038146973,5.159999847412109,19364800
2024-09-03,6.170000076293945,6.170000076293945,6.230000019073486,5.460000038146973,5.46999979019165,24413900
2024-09-04,6.380000114440918,6.380000114440918,6.619999885559082,5.940000057220459,6.510000228881836,26398200
2024-09-05,6.255000114440918,6.255000114440918,6.545000076293945,5.965000152587891,6.53000020980835,21258400
2024-09-06,6.764999866485596,6.764999866485596,6.989999771118164,6.150000095367432,6.159999847412109,21465100
2024-09-09,6.289999961853027,6.289999961853027,6.659999847412109,6.2820000648498535,6.5,15630000
2024-09-10,6.114999771118164,6.114999771118164,6.480000019073486,5.949999809265137,6.139999866485596,11971500
2024-09-11,5.119999885559082,5.119999885559082,6.179999828338623,5.085000038146973,5.954999923706055,27931400
2024-09-12,4.909999847412109,4.909999847412109,5.244999885559082,4.78000020980835,5.119999885559082,21836700
2024-09-13,4.929999828338623,4.929999828338623,5.039999961853027,4.849999904632568,4.929999828338623,12353400
2024-09-16,5.110000133514404,5.110000133514404,5.301000118255615,4.994999885559082,5.119999885559082,13235500
2024-09-17,5.199999809265137,5.199999809265137,5.28000020980835,4.934999942779541,4.980000019073486,15766000
2024-09-18,5.420000076293945,5.420000076293945,5.429999828338623,5.019999980926514,5.179999828338623,17013800
2024-09-19,4.985000133514404,4.985000133514404,5.050000190734863,4.829999923706055,5.050000190734863,13877200
2024-09-20,5.139999866485596,5.139999866485596,5.199999809265137,4.940000057220459,5.070000171661377,15212900
2024-09-23,5.119999885559082,5.119999885559082,5.25,5.065000057220459,5.105000019073486,14680900
2024-09-24,4.71999979019165,4.71999979019165,5.210000038146973,4.639999866485596,5.119999885559082,26276800
2024-09-25,4.519999980926514,4.519999980926514,4.659999847412109,4.400000095367432,4.639999866485596,23004700
2024-09-26,4.489999771118164,4.489999771118164,4.644999980926514,4.210000038146973,4.28000020980835,25109700
2024-09-27,4.675000190734863,4.675000190734863,4.820000171661377,4.480000019073486,4.480000019073486,18400000
2024-09-30,4.670000076293945,4.670000076293945,4.920000076293945,4.659999847412109,4.829999923706055,18303000
2024-10-01,5.019999980926514,5.019999980926514,5.099999904632568,4.590000152587891,4.650000095367432,20471000
2024-10-02,4.869999885559082,4.869999885559082,5.179999828338623,4.809999942779541,5.070000171661377,16653300
2024-10-03,4.53000020980835,4.53000020980835,4.730000019073486,4.414999961853027,4.699999809265137,20573500
2024-10-04,4.389999866485596,4.389999866485596,4.610000133514404,4.375,4.380000114440918,17266700
2024-10-07,4.184999942779541,4.184999942779541,4.389999866485596,3.9839999675750732,4.380000114440918,27420800
2024-10-08,3.8550000190734863,3.8550000190734863,4.074999809265137,3.809999942779541,4.019999980926514,23540300
2024-10-09,3.859999895095825,3.859999895095825,3.940000057220459,3.759999990463257,3.7799999713897705,24455600
2024-10-10,3.744999885559082,3.744999885559082,3.940000057220459,3.7300000190734863,3.9000000953674316,27325900
2024-10-11,3.744999885559082,3.744999885559082,3.799999952316284,3.684000015258789,3.7799999713897705,15443700
2024-10-14,3.559999942779541,3.559999942779541,3.6600000858306885,3.4700000286102295,3.6549999713897705,25871700
2024-10-15,3.9000000953674316,3.9000000953674316,4.039999961853027,3.5380001068115234,3.575000047683716,43506100
2024-10-16,3.6549999713897705,3.6549999713897705,3.8949999809265137,3.5999999046325684,3.755000114440918,33277400
2024-10-17,3.5850000381469727,3.5850000381469727,3.5899999141693115,3.380000114440918,3.4600000381469727,37134000
2024-10-18,3.5350000858306885,3.5350000858306885,3.569999933242798,3.490000009536743,3.494999885559082,21464700
2024-10-21,3.244999885559082,3.244999885559082,3.5299999713897705,3.240000009536743,3.5299999713897705,44907500
2024-10-22,3.25,3.25,3.3299999237060547,3.2100000381469727,3.2799999713897705,33964400
2024-10-23,3.430000066757202,3.430000066757202,3.5250000953674316,3.305000066757202,3.309999942779541,36970400
2024-10-24,3.3949999809265137,3.3949999809265137,3.490000009536743,3.3399999141693115,3.369999885559082,27921900
2024-10-25,3.3299999237060547,3.3299999237060547,3.369999885559082,3.2100000381469727,3.365000009536743,37453300
2024-10-28,3.390000104904175,3.390000104904175,3.4079999923706055,3.265000104904175,3.2699999809265137,17747200
2024-10-29,3.3450000286102295,3.3450000286102295,3.4660000801086426,3.299999952316284,3.4000000953674316,18034200
2024-10-30,3.444999933242798,3.444999933242798,3.559999942779541,3.390000104904175,3.430000066757202,28388500
2024-10-31,3.7750000953674316,3.7750000953674316,3.799999952316284,3.5299999713897705,3.5299999713897705,31428700
2024-11-01,3.619999885559082,3.619999885559082,3.6649999618530273,3.509999990463257,3.6600000858306885,35608000
2024-11-04,3.5799999237060547,3.5799999237060547,3.609999895095825,3.430000066757202,3.5250000953674316,36497400
2024-11-05,3.384999990463257,3.384999990463257,3.5199999809265137,3.359999895095825,3.509999990463257,23600900
2024-11-06,3.119999885559082,3.119999885559082,3.2799999713897705,3.059999942779541,3.2300000190734863,33427700
2024-11-07,2.9749999046325684,2.9749999046325684,3.0850000381469727,2.9700000286102295,3.0799999237060547,24448700
2024-11-08,3.0250000953674316,3.0250000953674316,3.0799999237060547,2.930000066757202,2.9800000190734863,25967400
2024-11-11,3.115000009536743,3.115000009536743,3.190000057220459,2.9700000286102295,2.9800000190734863,27472400
2024-11-12,2.984999895095825,2.984999895095825,3.0850000381469727,2.930000066757202,3.049999952316284,43948700
2024-11-13,3.065000057220459,3.065000057220459,3.0869998931884766,2.944999933242798,2.9600000381469727,36499900
2024-11-14,3.0450000762939453,3.0450000762939453,3.0999999046325684,2.950000047683716,3.015000104904175,36528700
2024-11-15,3.244999885559082,3.244999885559082,3.3299999237060547,3.115000009536743,3.119999885559082,34972000
2024-11-18,3.3350000381469727,3.3350000381469727,3.4700000286102295,3.2699999809265137,3.359999895095825,45366400
2024-11-19,3.015000104904175,3.015000104904175,3.2899999618530273,3.0,3.2799999713897705,42710700
2024-11-20,3.059999942779541,3.059999942779541,3.180000066757202,2.992000102996826,3.0,48948800
2024-11-21,3.0199999809265137,3.0199999809265137,3.2699999809265137,2.759999990463257,2.9100000858306885,77934500
2024-11-22,3.2149999141693115,3.2149999141693115,3.25,3.0,3.049999952316284,56768000
2024-11-25,3.484999895095825,3.484999895095825,3.490000009536743,3.2149999141693115,3.2149999141693115,50346000
